method,setting,model,k,n,invalid_rate,p_macro,r_macro,f1_macro,p_bug,r_bug,f1_bug,support_bug,share_bug,p_feature,r_feature,f1_feature,support_feature,share_feature,p_question,r_question,f1_question,support_question,share_question,conf_bug_to_bug,conf_bug_to_feature,conf_bug_to_question,conf_bug_to_invalid,conf_feature_to_bug,conf_feature_to_feature,conf_feature_to_question,conf_feature_to_invalid,conf_question_to_bug,conf_question_to_feature,conf_question_to_question,conf_question_to_invalid
votag,PS,-,1,3300,0.00000,0.56835,0.56515,0.56383,0.54066,0.65273,0.59143,1100,0.40242,0.60499,0.52909,0.56450,1100,0.29152,0.55941,0.51364,0.53555,1100,0.30606,0.65273,0.16000,0.18727,0.00000,0.25364,0.52909,0.21727,0.00000,0.30091,0.18545,0.51364,0.00000
votag,PA,-,1,3300,0.00000,0.56951,0.56636,0.56491,0.54361,0.65727,0.59506,1100,0.40303,0.60587,0.52545,0.56280,1100,0.28909,0.55906,0.51636,0.53686,1100,0.30788,0.65727,0.15273,0.19000,0.00000,0.25727,0.52545,0.21727,0.00000,0.29455,0.18909,0.51636,0.00000
votag,PS,-,2,3300,0.00000,0.56835,0.56515,0.56383,0.54066,0.65273,0.59143,1100,0.40242,0.60499,0.52909,0.56450,1100,0.29152,0.55941,0.51364,0.53555,1100,0.30606,0.65273,0.16000,0.18727,0.00000,0.25364,0.52909,0.21727,0.00000,0.30091,0.18545,0.51364,0.00000
votag,PA,-,2,3300,0.00000,0.56951,0.56636,0.56491,0.54361,0.65727,0.59506,1100,0.40303,0.60587,0.52545,0.56280,1100,0.28909,0.55906,0.51636,0.53686,1100,0.30788,0.65727,0.15273,0.19000,0.00000,0.25727,0.52545,0.21727,0.00000,0.29455,0.18909,0.51636,0.00000
votag,PS,-,3,3300,0.00000,0.57772,0.57273,0.57104,0.54115,0.67545,0.60089,1100,0.41606,0.62912,0.53818,0.58011,1100,0.28515,0.56288,0.50455,0.53212,1100,0.29879,0.67545,0.13545,0.18909,0.00000,0.25909,0.53818,0.20273,0.00000,0.31364,0.18182,0.50455,0.00000
votag,PA,-,3,3300,0.00000,0.58533,0.58030,0.57869,0.54745,0.68182,0.60729,1100,0.41515,0.63742,0.54818,0.58944,1100,0.28667,0.57114,0.51091,0.53935,1100,0.29818,0.68182,0.12455,0.19364,0.00000,0.26182,0.54818,0.19000,0.00000,0.30182,0.18727,0.51091,0.00000
votag,PS,-,4,3300,0.00000,0.58644,0.58030,0.57809,0.54294,0.69545,0.60980,1100,0.42697,0.63771,0.54727,0.58904,1100,0.28606,0.57867,0.49818,0.53542,1100,0.28697,0.69545,0.12273,0.18182,0.00000,0.27182,0.54727,0.18091,0.00000,0.31364,0.18818,0.49818,0.00000
votag,PA,-,4,3300,0.00000,0.59568,0.58879,0.58709,0.54708,0.69727,0.61311,1100,0.42485,0.65245,0.55636,0.60059,1100,0.28424,0.58750,0.51273,0.54757,1100,0.29091,0.69727,0.11727,0.18545,0.00000,0.26909,0.55636,0.17455,0.00000,0.30818,0.17909,0.51273,0.00000
votag,PS,-,5,3300,0.00000,0.59169,0.58606,0.58407,0.54917,0.69545,0.61372,1100,0.42212,0.64503,0.56000,0.59951,1100,0.28939,0.58088,0.50273,0.53899,1100,0.28848,0.69545,0.12182,0.18273,0.00000,0.26000,0.56000,0.18000,0.00000,0.31091,0.18636,0.50273,0.00000
votag,PA,-,5,3300,0.00000,0.59221,0.58606,0.58445,0.54644,0.69000,0.60988,1100,0.42091,0.65016,0.56091,0.60224,1100,0.28758,0.58004,0.50727,0.54122,1100,0.29152,0.69000,0.11818,0.19182,0.00000,0.26364,0.56091,0.17545,0.00000,0.30909,0.18364,0.50727,0.00000
votag,PS,-,6,3300,0.00000,0.59130,0.58485,0.58223,0.54775,0.70909,0.61807,1100,0.43152,0.64530,0.54909,0.59332,1100,0.28364,0.58085,0.49636,0.53529,1100,0.28485,0.70909,0.11182,0.17909,0.00000,0.27182,0.54909,0.17909,0.00000,0.31364,0.19000,0.49636,0.00000
votag,PA,-,6,3300,0.00000,0.60045,0.59303,0.59120,0.55028,0.70636,0.61863,1100,0.42788,0.65877,0.55636,0.60325,1100,0.28152,0.59228,0.51636,0.55172,1100,0.29061,0.70636,0.10818,0.18545,0.00000,0.27364,0.55636,0.17000,0.00000,0.30364,0.18000,0.51636,0.00000
votag,PS,-,7,3300,0.00000,0.60257,0.59606,0.59371,0.55728,0.71636,0.62689,1100,0.42848,0.66100,0.56545,0.60951,1100,0.28515,0.58942,0.50636,0.54474,1100,0.28636,0.71636,0.10364,0.18000,0.00000,0.26182,0.56545,0.17273,0.00000,0.30727,0.18636,0.50636,0.00000
votag,PA,-,7,3300,0.00000,0.60364,0.59667,0.59456,0.55626,0.71455,0.62555,1100,0.42818,0.66452,0.56364,0.60994,1100,0.28273,0.59015,0.51182,0.54820,1100,0.28909,0.71455,0.10455,0.18091,0.00000,0.26182,0.56364,0.17455,0.00000,0.30818,0.18000,0.51182,0.00000
votag,PS,-,8,3300,0.00000,0.60087,0.59273,0.58982,0.54921,0.72545,0.62515,1100,0.44030,0.65451,0.55455,0.60039,1100,0.28242,0.59891,0.49818,0.54392,1100,0.27727,0.72545,0.10455,0.17000,0.00000,0.28182,0.55455,0.16364,0.00000,0.31364,0.18818,0.49818,0.00000
votag,PA,-,8,3300,0.00000,0.60564,0.59727,0.59486,0.55132,0.72273,0.62549,1100,0.43697,0.66345,0.56273,0.60895,1100,0.28273,0.60216,0.50636,0.55012,1100,0.28030,0.72273,0.10182,0.17545,0.00000,0.27818,0.56273,0.15909,0.00000,0.31000,0.18364,0.50636,0.00000
votag,PS,-,9,3300,0.00000,0.60074,0.59273,0.59044,0.54774,0.71455,0.62012,1100,0.43485,0.66310,0.56364,0.60934,1100,0.28333,0.59140,0.50000,0.54187,1100,0.28182,0.71455,0.09909,0.18636,0.00000,0.27727,0.56364,0.15909,0.00000,0.31273,0.18727,0.50000,0.00000
votag,PA,-,9,3300,0.00000,0.60838,0.60091,0.59843,0.55874,0.72636,0.63162,1100,0.43333,0.67024,0.56909,0.61554,1100,0.28303,0.59615,0.50727,0.54813,1100,0.28364,0.72636,0.09455,0.17909,0.00000,0.26636,0.56909,0.16455,0.00000,0.30727,0.18545,0.50727,0.00000
votag,PS,-,10,3300,0.00000,0.60029,0.59273,0.59012,0.55115,0.72000,0.62436,1100,0.43545,0.66452,0.56182,0.60887,1100,0.28182,0.58521,0.49636,0.53714,1100,0.28273,0.72000,0.09455,0.18545,0.00000,0.27182,0.56182,0.16636,0.00000,0.31455,0.18909,0.49636,0.00000
votag,PA,-,10,3300,0.00000,0.60476,0.59667,0.59430,0.55184,0.72091,0.62515,1100,0.43545,0.67167,0.56909,0.61614,1100,0.28242,0.59076,0.50000,0.54161,1100,0.28212,0.72091,0.09364,0.18545,0.00000,0.27000,0.56909,0.16091,0.00000,0.31545,0.18455,0.50000,0.00000
votag,PS,-,11,3300,0.00000,0.60306,0.59424,0.59162,0.54814,0.72455,0.62412,1100,0.44061,0.66883,0.56182,0.61067,1100,0.28000,0.59219,0.49636,0.54006,1100,0.27939,0.72455,0.09273,0.18273,0.00000,0.27909,0.56182,0.15909,0.00000,0.31818,0.18545,0.49636,0.00000
votag,PA,-,11,3300,0.00000,0.60251,0.59424,0.59185,0.55000,0.72000,0.62362,1100,0.43636,0.67100,0.56364,0.61265,1100,0.28000,0.58654,0.49909,0.53929,1100,0.28364,0.72000,0.09182,0.18818,0.00000,0.27273,0.56364,0.16364,0.00000,0.31636,0.18455,0.49909,0.00000
votag,PS,-,12,3300,0.00000,0.60083,0.59212,0.58928,0.54695,0.72545,0.62368,1100,0.44212,0.66558,0.55909,0.60771,1100,0.28000,0.58997,0.49182,0.53644,1100,0.27788,0.72545,0.09273,0.18182,0.00000,0.28091,0.55909,0.16000,0.00000,0.32000,0.18818,0.49182,0.00000
votag,PA,-,12,3300,0.00000,0.60760,0.59970,0.59710,0.55733,0.72909,0.63174,1100,0.43606,0.67316,0.56545,0.61462,1100,0.28000,0.59232,0.50455,0.54492,1100,0.28394,0.72909,0.09364,0.17727,0.00000,0.26455,0.56545,0.17000,0.00000,0.31455,0.18091,0.50455,0.00000
votag,PS,-,13,3300,0.00000,0.60488,0.59545,0.59208,0.55105,0.74091,0.63203,1100,0.44818,0.67624,0.55636,0.61047,1100,0.27424,0.58734,0.48909,0.53373,1100,0.27758,0.74091,0.08091,0.17818,0.00000,0.27818,0.55636,0.16545,0.00000,0.32545,0.18545,0.48909,0.00000
votag,PA,-,13,3300,0.00000,0.61414,0.60485,0.60185,0.55798,0.74364,0.63757,1100,0.44424,0.68662,0.57364,0.62506,1100,0.27848,0.59781,0.49727,0.54293,1100,0.27727,0.74364,0.08273,0.17364,0.00000,0.26545,0.57364,0.16091,0.00000,0.32364,0.17909,0.49727,0.00000
votag,PS,-,14,3300,0.00000,0.60573,0.59545,0.59213,0.54839,0.74182,0.63060,1100,0.45091,0.67889,0.55545,0.61100,1100,0.27273,0.58991,0.48909,0.53479,1100,0.27636,0.74182,0.07818,0.18000,0.00000,0.28455,0.55545,0.16000,0.00000,0.32636,0.18455,0.48909,0.00000
votag,PA,-,14,3300,0.00000,0.61566,0.60606,0.60349,0.55723,0.73909,0.63540,1100,0.44212,0.68845,0.57455,0.62636,1100,0.27818,0.60130,0.50455,0.54869,1100,0.27970,0.73909,0.08455,0.17636,0.00000,0.26727,0.57455,0.15818,0.00000,0.32000,0.17545,0.50455,0.00000
votag,PS,-,15,3300,0.00000,0.60710,0.59788,0.59507,0.55198,0.73364,0.62998,1100,0.44303,0.67689,0.56182,0.61401,1100,0.27667,0.59243,0.49818,0.54123,1100,0.28030,0.73364,0.08455,0.18182,0.00000,0.27727,0.56182,0.16091,0.00000,0.31818,0.18364,0.49818,0.00000
votag,PA,-,15,3300,0.00000,0.61201,0.60303,0.60062,0.55525,0.73091,0.63108,1100,0.43879,0.68467,0.57636,0.62586,1100,0.28061,0.59611,0.50182,0.54492,1100,0.28061,0.73091,0.09000,0.17909,0.00000,0.26273,0.57636,0.16091,0.00000,0.32273,0.17545,0.50182,0.00000
votag,PS,-,16,3300,0.00000,0.60779,0.59636,0.59365,0.54301,0.73455,0.62442,1100,0.45091,0.67991,0.56000,0.61416,1100,0.27455,0.60044,0.49455,0.54237,1100,0.27455,0.73455,0.08636,0.17909,0.00000,0.29000,0.56000,0.15000,0.00000,0.32818,0.17727,0.49455,0.00000
votag,PA,-,16,3300,0.00000,0.61541,0.60606,0.60391,0.55640,0.73091,0.63183,1100,0.43788,0.68939,0.57909,0.62945,1100,0.28000,0.60043,0.50818,0.55047,1100,0.28212,0.73091,0.08818,0.18091,0.00000,0.26364,0.57909,0.15727,0.00000,0.31909,0.17273,0.50818,0.00000
votag,PS,-,17,3300,0.00000,0.59949,0.58909,0.58623,0.53846,0.72545,0.61813,1100,0.44909,0.67067,0.55909,0.60982,1100,0.27788,0.58935,0.48273,0.53073,1100,0.27303,0.72545,0.09091,0.18364,0.00000,0.28818,0.55909,0.15273,0.00000,0.33364,0.18364,0.48273,0.00000
votag,PA,-,17,3300,0.00000,0.60613,0.59697,0.59435,0.54870,0.72727,0.62549,1100,0.44182,0.67780,0.57182,0.62032,1100,0.28121,0.59190,0.49182,0.53724,1100,0.27697,0.72727,0.09091,0.18182,0.00000,0.27091,0.57182,0.15727,0.00000,0.32727,0.18091,0.49182,0.00000
votag,PS,-,18,3300,0.00000,0.59960,0.58909,0.58641,0.53753,0.72273,0.61652,1100,0.44818,0.67830,0.56545,0.61676,1100,0.27788,0.58296,0.47909,0.52595,1100,0.27394,0.72273,0.08545,0.19182,0.00000,0.28364,0.56545,0.15091,0.00000,0.33818,0.18273,0.47909,0.00000
votag,PA,-,18,3300,0.00000,0.61251,0.60364,0.60114,0.55418,0.73000,0.63005,1100,0.43909,0.68225,0.58364,0.62910,1100,0.28515,0.60110,0.49727,0.54428,1100,0.27576,0.73000,0.09000,0.18000,0.00000,0.26636,0.58364,0.15000,0.00000,0.32091,0.18182,0.49727,0.00000
votag,PS,-,19,3300,0.00000,0.59680,0.58667,0.58395,0.53591,0.71909,0.61413,1100,0.44727,0.67245,0.56364,0.61325,1100,0.27939,0.58204,0.47727,0.52448,1100,0.27333,0.71909,0.08909,0.19182,0.00000,0.28545,0.56364,0.15091,0.00000,0.33727,0.18545,0.47727,0.00000
votag,PA,-,19,3300,0.00000,0.60823,0.59848,0.59591,0.54645,0.72727,0.62402,1100,0.44364,0.68269,0.58091,0.62770,1100,0.28364,0.59556,0.48727,0.53600,1100,0.27273,0.72727,0.09273,0.18000,0.00000,0.26818,0.58091,0.15091,0.00000,0.33545,0.17727,0.48727,0.00000
votag,PS,-,20,3300,0.00000,0.60383,0.59242,0.58975,0.53965,0.73000,0.62056,1100,0.45091,0.68549,0.56273,0.61807,1100,0.27364,0.58636,0.48455,0.53061,1100,0.27545,0.73000,0.07909,0.19091,0.00000,0.28636,0.56273,0.15091,0.00000,0.33636,0.17909,0.48455,0.00000
votag,PA,-,20,3300,0.00000,0.61228,0.60242,0.59969,0.55109,0.73545,0.63006,1100,0.44485,0.68421,0.57909,0.62728,1100,0.28212,0.60155,0.49273,0.54173,1100,0.27303,0.73545,0.08455,0.18000,0.00000,0.27455,0.57909,0.14636,0.00000,0.32455,0.18273,0.49273,0.00000
votag,PS,-,25,3300,0.00000,0.59310,0.58242,0.57894,0.53129,0.72545,0.61337,1100,0.45515,0.66631,0.55909,0.60801,1100,0.27970,0.58171,0.46273,0.51544,1100,0.26515,0.72545,0.09545,0.17909,0.00000,0.28727,0.55909,0.15364,0.00000,0.35273,0.18455,0.46273,0.00000
votag,PA,-,25,3300,0.00000,0.60670,0.59576,0.59241,0.54078,0.73545,0.62327,1100,0.45333,0.67979,0.58091,0.62647,1100,0.28485,0.59954,0.47091,0.52749,1100,0.26182,0.73545,0.09182,0.17273,0.00000,0.27727,0.58091,0.14182,0.00000,0.34727,0.18182,0.47091,0.00000
votag,PS,-,30,3300,0.00000,0.59500,0.58333,0.57988,0.52747,0.72455,0.61049,1100,0.45788,0.66738,0.56727,0.61327,1100,0.28333,0.59016,0.45818,0.51586,1100,0.25879,0.72455,0.10000,0.17545,0.00000,0.29000,0.56727,0.14273,0.00000,0.35909,0.18273,0.45818,0.00000
votag,PA,-,30,3300,0.00000,0.60782,0.59667,0.59328,0.53810,0.73182,0.62018,1100,0.45333,0.68372,0.59545,0.63654,1100,0.29030,0.60165,0.46273,0.52312,1100,0.25636,0.73182,0.09455,0.17364,0.00000,0.27182,0.59545,0.13273,0.00000,0.35636,0.18091,0.46273,0.00000
zero_shot,PA,Qwen-3B,0,3300,0.00242,0.66589,0.62576,0.61315,0.54320,0.91455,0.68157,1100,0.56121,0.88639,0.61000,0.72267,1100,0.22939,0.56808,0.35273,0.43522,1100,0.20697,0.91455,0.02545,0.05909,0.00091,0.18091,0.61000,0.20909,0.00000,0.58818,0.05273,0.35273,0.00636
ragtag,PS,Qwen-3B,1,3300,0.00212,0.70115,0.69515,0.68801,0.63242,0.79455,0.70427,1100,0.41879,0.77116,0.81182,0.79097,1100,0.35091,0.69987,0.47909,0.56881,1100,0.22818,0.79455,0.09273,0.11182,0.00091,0.09364,0.81182,0.09364,0.00091,0.36818,0.14818,0.47909,0.00455
ragtag,PA,Qwen-3B,1,3300,0.00273,0.69852,0.69212,0.68510,0.62925,0.79000,0.70052,1100,0.41848,0.76897,0.81091,0.78938,1100,0.35152,0.69733,0.47545,0.56541,1100,0.22727,0.79000,0.09273,0.11636,0.00091,0.09818,0.81091,0.09000,0.00091,0.36727,0.15091,0.47545,0.00636
bragtag,PS,Qwen-3B,1,3300,0.00212,0.68926,0.68152,0.67822,0.62219,0.80545,0.70206,1100,0.43152,0.80976,0.73909,0.77281,1100,0.30424,0.63584,0.50000,0.55980,1100,0.26212,0.80545,0.05273,0.14091,0.00091,0.11455,0.73909,0.14545,0.00091,0.37455,0.12091,0.50000,0.00455
ragtag,PS,Qwen-3B,3,3300,0.00212,0.70863,0.70303,0.69698,0.63755,0.80273,0.71066,1100,0.41970,0.79396,0.81273,0.80323,1100,0.34121,0.69437,0.49364,0.57705,1100,0.23697,0.80273,0.07091,0.12545,0.00091,0.09455,0.81273,0.09182,0.00091,0.36182,0.14000,0.49364,0.00455
ragtag,PA,Qwen-3B,3,3300,0.00242,0.70697,0.70061,0.69440,0.63376,0.80545,0.70937,1100,0.42364,0.79464,0.80909,0.80180,1100,0.33939,0.69251,0.48727,0.57204,1100,0.23455,0.80545,0.06818,0.12545,0.00091,0.09909,0.80909,0.09091,0.00091,0.36636,0.14091,0.48727,0.00545
bragtag,PS,Qwen-3B,3,3300,0.00242,0.69756,0.69636,0.69688,0.67791,0.69455,0.68612,1100,0.34152,0.79398,0.79182,0.79290,1100,0.33242,0.62079,0.60273,0.61162,1100,0.32364,0.69455,0.06636,0.23818,0.00091,0.07818,0.79182,0.13000,0.00000,0.25182,0.13909,0.60273,0.00636
ragtag,PS,Qwen-3B,6,3300,0.03636,0.71175,0.67818,0.68117,0.62022,0.78091,0.69135,1100,0.41970,0.80179,0.81273,0.80722,1100,0.33788,0.71324,0.44091,0.54494,1100,0.20606,0.78091,0.06182,0.10000,0.05727,0.10182,0.81273,0.07727,0.00818,0.37636,0.13909,0.44091,0.04364
ragtag,PA,Qwen-3B,6,3300,0.03636,0.70890,0.67636,0.67943,0.62211,0.78273,0.69324,1100,0.41939,0.79964,0.80545,0.80254,1100,0.33576,0.70494,0.44091,0.54251,1100,0.20848,0.78273,0.06000,0.09909,0.05818,0.10182,0.80545,0.08545,0.00727,0.37364,0.14182,0.44091,0.04364
bragtag,PS,Qwen-3B,6,3300,0.01788,0.72034,0.70788,0.71366,0.72305,0.66455,0.69256,1100,0.30636,0.79396,0.81273,0.80323,1100,0.34121,0.64402,0.64636,0.64519,1100,0.33455,0.66455,0.07182,0.23364,0.03000,0.06091,0.81273,0.12364,0.00273,0.19364,0.13909,0.64636,0.02091
ragtag,PS,Qwen-3B,9,3300,0.04424,0.70971,0.67121,0.67597,0.62326,0.77455,0.69072,1100,0.41424,0.79093,0.80818,0.79946,1100,0.34061,0.71493,0.43091,0.53772,1100,0.20091,0.77455,0.06818,0.08818,0.06909,0.09182,0.80818,0.08364,0.01636,0.37636,0.14545,0.43091,0.04727
ragtag,PA,Qwen-3B,9,3300,0.04364,0.70311,0.66606,0.67011,0.62016,0.77182,0.68773,1100,0.41485,0.78419,0.80273,0.79335,1100,0.34121,0.70499,0.42364,0.52924,1100,0.20030,0.77182,0.06909,0.09182,0.06727,0.09545,0.80273,0.08545,0.01636,0.37727,0.15182,0.42364,0.04727
bragtag,PS,Qwen-3B,9,3300,0.03182,0.72037,0.69879,0.70877,0.72442,0.65000,0.68519,1100,0.29909,0.78440,0.81364,0.79875,1100,0.34576,0.65230,0.63273,0.64236,1100,0.32333,0.65000,0.08364,0.21636,0.05000,0.05727,0.81364,0.12091,0.00818,0.19000,0.14000,0.63273,0.03727
ragtag,PS,Qwen-3B,12,3300,0.04636,0.71376,0.67152,0.67588,0.61795,0.77636,0.68815,1100,0.41879,0.79735,0.81909,0.80807,1100,0.34242,0.72598,0.41909,0.53141,1100,0.19242,0.77636,0.06545,0.08818,0.07000,0.09727,0.81909,0.07000,0.01364,0.38273,0.14273,0.41909,0.05545
ragtag,PA,Qwen-3B,12,3300,0.04545,0.71606,0.67485,0.67929,0.62119,0.77818,0.69088,1100,0.41758,0.80071,0.82182,0.81113,1100,0.34212,0.72628,0.42455,0.53586,1100,0.19485,0.77818,0.06364,0.08909,0.06909,0.09273,0.82182,0.07091,0.01455,0.38182,0.14091,0.42455,0.05273
bragtag,PS,Qwen-3B,12,3300,0.03939,0.72011,0.69424,0.70644,0.71047,0.65364,0.68087,1100,0.30667,0.79295,0.81818,0.80537,1100,0.34394,0.65689,0.61091,0.63307,1100,0.31000,0.65364,0.07364,0.21273,0.06000,0.06364,0.81818,0.10636,0.01182,0.20273,0.14000,0.61091,0.04636
ragtag,PS,Qwen-3B,15,3300,0.05424,0.70659,0.66091,0.66730,0.61385,0.75727,0.67806,1100,0.41121,0.79207,0.81727,0.80447,1100,0.34394,0.71383,0.40818,0.51938,1100,0.19061,0.75727,0.06545,0.09273,0.08455,0.09545,0.81727,0.07091,0.01636,0.38091,0.14909,0.40818,0.06182
ragtag,PA,Qwen-3B,15,3300,0.05455,0.70652,0.65879,0.66397,0.60769,0.76182,0.67608,1100,0.41788,0.79332,0.82000,0.80644,1100,0.34455,0.71854,0.39455,0.50939,1100,0.18303,0.76182,0.06455,0.08909,0.08455,0.09909,0.82000,0.06545,0.01545,0.39273,0.14909,0.39455,0.06364
bragtag,PS,Qwen-3B,15,3300,0.04788,0.71841,0.68727,0.70166,0.70109,0.64182,0.67015,1100,0.30515,0.78746,0.82182,0.80427,1100,0.34788,0.66667,0.59818,0.63057,1100,0.29909,0.64182,0.08091,0.20182,0.07545,0.06636,0.82182,0.09727,0.01455,0.20727,0.14091,0.59818,0.05364
finetune,PS,Qwen-3B,-,3300,0.01091,0.72312,0.68727,0.67575,0.60646,0.87000,0.71471,1100,0.47818,0.77011,0.79182,0.78082,1100,0.34273,0.79279,0.40000,0.53172,1100,0.16818,0.87000,0.09455,0.03000,0.00545,0.11818,0.79182,0.07455,0.01545,0.44636,0.14182,0.40000,0.01182
finetune,PA,Qwen-3B,-,3300,0.00758,0.73131,0.71152,0.70843,0.63703,0.87273,0.73648,1100,0.45667,0.83266,0.75091,0.78967,1100,0.30061,0.72423,0.51091,0.59915,1100,0.23515,0.87273,0.02727,0.09000,0.01000,0.14182,0.75091,0.10455,0.00273,0.35545,0.12364,0.51091,0.01000
zero_shot,PA,Qwen-7B,0,3300,0.00091,0.71666,0.67909,0.66213,0.57507,0.88091,0.69587,1100,0.51061,0.79197,0.78909,0.79053,1100,0.33212,0.78295,0.36727,0.50000,1100,0.15636,0.88091,0.09364,0.02545,0.00000,0.13455,0.78909,0.07636,0.00000,0.51636,0.11364,0.36727,0.00273
ragtag,PS,Qwen-7B,1,3300,0.00091,0.73443,0.69667,0.68103,0.59827,0.88273,0.71318,1100,0.49182,0.77768,0.81091,0.79395,1100,0.34758,0.82732,0.39636,0.53596,1100,0.15970,0.88273,0.08818,0.02818,0.00091,0.13455,0.81091,0.05455,0.00000,0.45818,0.14364,0.39636,0.00182
ragtag,PA,Qwen-7B,1,3300,0.00091,0.73348,0.69606,0.68109,0.59777,0.87818,0.71134,1100,0.48970,0.77526,0.80909,0.79181,1100,0.34788,0.82739,0.40091,0.54011,1100,0.16152,0.87818,0.09182,0.02909,0.00091,0.13636,0.80909,0.05455,0.00000,0.45455,0.14273,0.40091,0.00182
bragtag,PS,Qwen-7B,1,3300,0.00061,0.72569,0.68788,0.67267,0.58881,0.88000,0.70554,1100,0.49818,0.77471,0.79091,0.78273,1100,0.34030,0.81356,0.39273,0.52974,1100,0.16091,0.88000,0.09182,0.02818,0.00000,0.14727,0.79091,0.06182,0.00000,0.46727,0.13818,0.39273,0.00182
ragtag,PS,Qwen-7B,3,3300,0.00091,0.75458,0.72485,0.71278,0.62920,0.88545,0.73565,1100,0.46909,0.79724,0.84000,0.81806,1100,0.35121,0.83729,0.44909,0.58462,1100,0.17879,0.88545,0.07636,0.03636,0.00182,0.10909,0.84000,0.05091,0.00000,0.41273,0.13727,0.44909,0.00091
ragtag,PA,Qwen-7B,3,3300,0.00091,0.75185,0.72303,0.71077,0.62977,0.88455,0.73573,1100,0.46818,0.79328,0.83727,0.81468,1100,0.35182,0.83249,0.44727,0.58190,1100,0.17909,0.88455,0.07636,0.03727,0.00182,0.11000,0.83727,0.05273,0.00000,0.41000,0.14182,0.44727,0.00091
bragtag,PS,Qwen-7B,3,3300,0.00061,0.75029,0.72212,0.71150,0.62810,0.87364,0.73080,1100,0.46364,0.78861,0.83091,0.80921,1100,0.35121,0.83415,0.46182,0.59450,1100,0.18455,0.87364,0.08636,0.03909,0.00091,0.11636,0.83091,0.05273,0.00000,0.40091,0.13636,0.46182,0.00091
ragtag,PS,Qwen-7B,6,3300,0.03455,0.76059,0.71515,0.71754,0.65747,0.82364,0.73123,1100,0.41758,0.78668,0.84818,0.81627,1100,0.35939,0.83762,0.47364,0.60511,1100,0.18848,0.82364,0.07909,0.03909,0.05818,0.09182,0.84818,0.05273,0.00727,0.33727,0.15091,0.47364,0.03818
ragtag,PA,Qwen-7B,6,3300,0.03485,0.75660,0.71030,0.71218,0.65693,0.81818,0.72874,1100,0.41515,0.77326,0.84636,0.80816,1100,0.36485,0.83961,0.46636,0.59965,1100,0.18515,0.81818,0.08727,0.03545,0.05909,0.09273,0.84636,0.05364,0.00727,0.33455,0.16091,0.46636,0.03818
bragtag,PS,Qwen-7B,6,3300,0.01606,0.76145,0.73424,0.73267,0.67175,0.84091,0.74687,1100,0.41727,0.78626,0.84273,0.81351,1100,0.35727,0.82634,0.51909,0.63763,1100,0.20939,0.84091,0.07545,0.05273,0.03091,0.09909,0.84273,0.05636,0.00182,0.31182,0.15364,0.51909,0.01545
ragtag,PS,Qwen-7B,9,3300,0.04273,0.75836,0.70545,0.71029,0.65339,0.80545,0.72150,1100,0.41091,0.77731,0.84727,0.81079,1100,0.36333,0.84437,0.46364,0.59859,1100,0.18303,0.80545,0.08636,0.03909,0.06909,0.09182,0.84727,0.04636,0.01455,0.33545,0.15636,0.46364,0.04455
ragtag,PA,Qwen-7B,9,3300,0.04212,0.75149,0.70030,0.70418,0.65156,0.79727,0.71709,1100,0.40788,0.76790,0.84818,0.80605,1100,0.36818,0.83500,0.45545,0.58941,1100,0.18182,0.79727,0.09000,0.04545,0.06727,0.09273,0.84818,0.04455,0.01455,0.33364,0.16636,0.45545,0.04455
bragtag,PS,Qwen-7B,9,3300,0.03061,0.75623,0.72455,0.72976,0.68900,0.78545,0.73407,1100,0.38000,0.77044,0.84818,0.80744,1100,0.36697,0.80926,0.54000,0.64776,1100,0.22242,0.78545,0.09455,0.07000,0.05000,0.08636,0.84818,0.05727,0.00818,0.26818,0.15818,0.54000,0.03364
ragtag,PS,Qwen-7B,12,3300,0.04455,0.75956,0.70152,0.70581,0.65405,0.80091,0.72007,1100,0.40818,0.76179,0.85182,0.80429,1100,0.37273,0.86285,0.45182,0.59308,1100,0.17455,0.80091,0.09909,0.03000,0.07000,0.09273,0.85182,0.04182,0.01364,0.33091,0.16727,0.45182,0.05000
ragtag,PA,Qwen-7B,12,3300,0.04394,0.74962,0.69212,0.69566,0.64334,0.78545,0.70733,1100,0.40697,0.75141,0.84909,0.79727,1100,0.37667,0.85413,0.44182,0.58238,1100,0.17242,0.78545,0.11091,0.03455,0.06909,0.09636,0.84909,0.04091,0.01364,0.33909,0.17000,0.44182,0.04909
bragtag,PS,Qwen-7B,12,3300,0.03818,0.76617,0.72879,0.73756,0.71273,0.77364,0.74194,1100,0.36182,0.76052,0.85455,0.80479,1100,0.37455,0.82527,0.55818,0.66594,1100,0.22545,0.77364,0.10455,0.06182,0.06000,0.07727,0.85455,0.05636,0.01182,0.23455,0.16455,0.55818,0.04273
ragtag,PS,Qwen-7B,15,3300,0.05273,0.75271,0.69091,0.69555,0.65512,0.79091,0.71664,1100,0.40242,0.75643,0.85545,0.80290,1100,0.37697,0.84657,0.42636,0.56711,1100,0.16788,0.79091,0.09364,0.03000,0.08545,0.08091,0.85545,0.04727,0.01636,0.33545,0.18182,0.42636,0.05636
ragtag,PA,Qwen-7B,15,3300,0.05303,0.75168,0.68939,0.69319,0.65224,0.79455,0.71639,1100,0.40606,0.75907,0.85636,0.80478,1100,0.37606,0.84375,0.41727,0.55839,1100,0.16485,0.79455,0.09000,0.03000,0.08545,0.08091,0.85636,0.04727,0.01545,0.34273,0.18182,0.41727,0.05818
bragtag,PS,Qwen-7B,15,3300,0.04667,0.75738,0.71606,0.72729,0.71241,0.74091,0.72638,1100,0.34667,0.75359,0.85909,0.80289,1100,0.38000,0.80615,0.54818,0.65260,1100,0.22667,0.74091,0.10727,0.07545,0.07636,0.07000,0.85909,0.05636,0.01455,0.22909,0.17364,0.54818,0.04909
finetune,PS,Qwen-7B,-,3300,0.00061,0.67736,0.67727,0.67726,0.65327,0.63545,0.64424,1100,0.32424,0.75943,0.76909,0.76423,1100,0.33758,0.61939,0.62727,0.62331,1100,0.33758,0.63545,0.11000,0.25364,0.00091,0.09818,0.76909,0.13182,0.00091,0.23909,0.13364,0.62727,0.00000
finetune,PA,Qwen-7B,-,3300,0.00273,0.77998,0.76364,0.76169,0.67223,0.87818,0.76153,1100,0.43545,0.86794,0.82455,0.84569,1100,0.31667,0.79975,0.58818,0.67784,1100,0.24515,0.87818,0.05091,0.07091,0.00000,0.09182,0.82455,0.07636,0.00727,0.33636,0.07455,0.58818,0.00091
zero_shot,PA,Qwen-14B,0,3300,0.00061,0.73468,0.67515,0.64522,0.56974,0.87636,0.69054,1100,0.51273,0.76133,0.85545,0.80565,1100,0.37455,0.87297,0.29364,0.43946,1100,0.11212,0.87636,0.11182,0.01182,0.00000,0.11364,0.85545,0.03091,0.00000,0.54818,0.15636,0.29364,0.00182
ragtag,PS,Qwen-14B,1,3300,0.00091,0.74725,0.70303,0.68342,0.59660,0.89273,0.71522,1100,0.49879,0.79369,0.84636,0.81918,1100,0.35545,0.85146,0.37000,0.51584,1100,0.14485,0.89273,0.08727,0.02000,0.00000,0.10909,0.84636,0.04455,0.00000,0.49455,0.13273,0.37000,0.00273
ragtag,PA,Qwen-14B,1,3300,0.00091,0.74775,0.70333,0.68403,0.59479,0.89273,0.71392,1100,0.50030,0.79846,0.84636,0.82171,1100,0.35333,0.85000,0.37091,0.51646,1100,0.14545,0.89273,0.08818,0.01909,0.00000,0.10727,0.84636,0.04636,0.00000,0.50091,0.12545,0.37091,0.00273
bragtag,PS,Qwen-14B,1,3300,0.00091,0.74257,0.69727,0.67818,0.58892,0.87909,0.70532,1100,0.49758,0.78796,0.84455,0.81527,1100,0.35727,0.85084,0.36818,0.51396,1100,0.14424,0.87909,0.09909,0.02182,0.00000,0.11273,0.84455,0.04273,0.00000,0.50091,0.12818,0.36818,0.00273
ragtag,PS,Qwen-14B,3,3300,0.00121,0.76026,0.72576,0.71251,0.62021,0.89818,0.73375,1100,0.48273,0.81810,0.84636,0.83199,1100,0.34485,0.84248,0.43273,0.57177,1100,0.17121,0.89818,0.07091,0.03000,0.00091,0.10273,0.84636,0.05091,0.00000,0.44727,0.11727,0.43273,0.00273
ragtag,PA,Qwen-14B,3,3300,0.00121,0.76081,0.72545,0.71169,0.62078,0.90182,0.73536,1100,0.48424,0.81579,0.84545,0.83036,1100,0.34545,0.84588,0.42909,0.56936,1100,0.16909,0.90182,0.06909,0.02818,0.00091,0.10455,0.84545,0.05000,0.00000,0.44636,0.12182,0.42909,0.00273
bragtag,PS,Qwen-14B,3,3300,0.00121,0.75095,0.71576,0.70344,0.61253,0.87091,0.71922,1100,0.47394,0.79281,0.84182,0.81658,1100,0.35394,0.84752,0.43455,0.57452,1100,0.17091,0.87091,0.10000,0.02818,0.00091,0.10818,0.84182,0.05000,0.00000,0.44273,0.12000,0.43455,0.00273
ragtag,PS,Qwen-14B,6,3300,0.03545,0.76910,0.71394,0.71584,0.63194,0.84909,0.72459,1100,0.44788,0.82605,0.84182,0.83386,1100,0.33970,0.84932,0.45091,0.58907,1100,0.17697,0.84909,0.06364,0.02909,0.05818,0.10000,0.84182,0.05091,0.00727,0.39455,0.11364,0.45091,0.04091
ragtag,PA,Qwen-14B,6,3300,0.03576,0.76808,0.71333,0.71588,0.63211,0.84818,0.72438,1100,0.44727,0.82585,0.83636,0.83107,1100,0.33758,0.84628,0.45545,0.59220,1100,0.17939,0.84818,0.06455,0.02818,0.05909,0.10182,0.83636,0.05455,0.00727,0.39182,0.11182,0.45545,0.04091
bragtag,PS,Qwen-14B,6,3300,0.01667,0.77014,0.73576,0.73388,0.65268,0.86273,0.74315,1100,0.44061,0.81730,0.84182,0.82938,1100,0.34333,0.84043,0.50273,0.62912,1100,0.19939,0.86273,0.07182,0.03455,0.03091,0.09545,0.84182,0.06091,0.00182,0.36364,0.11636,0.50273,0.01727
ragtag,PS,Qwen-14B,9,3300,0.04303,0.77050,0.71424,0.72080,0.64083,0.84182,0.72770,1100,0.43788,0.83547,0.83091,0.83318,1100,0.33152,0.83522,0.47000,0.60151,1100,0.18758,0.84182,0.05273,0.03636,0.06909,0.09818,0.83091,0.05636,0.01455,0.37364,0.11091,0.47000,0.04545
ragtag,PA,Qwen-14B,9,3300,0.04273,0.76707,0.71091,0.71701,0.63887,0.84273,0.72677,1100,0.43970,0.82983,0.82455,0.82718,1100,0.33121,0.83252,0.46545,0.59708,1100,0.18636,0.84273,0.05364,0.03636,0.06727,0.10364,0.82455,0.05727,0.01455,0.37273,0.11545,0.46545,0.04636
bragtag,PS,Qwen-14B,9,3300,0.03212,0.77631,0.73879,0.74526,0.67825,0.83364,0.74796,1100,0.40970,0.82722,0.84000,0.83356,1100,0.33848,0.82345,0.54273,0.65425,1100,0.21970,0.83364,0.06455,0.05182,0.05000,0.08727,0.84000,0.06455,0.00818,0.30818,0.11091,0.54273,0.03818
ragtag,PS,Qwen-14B,12,3300,0.04545,0.78199,0.72303,0.73175,0.65123,0.84364,0.73505,1100,0.43182,0.83942,0.83636,0.83789,1100,0.33212,0.85533,0.48909,0.62233,1100,0.19061,0.84364,0.05455,0.03182,0.07000,0.09909,0.83636,0.05091,0.01364,0.35273,0.10545,0.48909,0.05273
ragtag,PA,Qwen-14B,12,3300,0.04424,0.77980,0.72061,0.72807,0.64767,0.84727,0.73415,1100,0.43606,0.83621,0.83545,0.83583,1100,0.33303,0.85552,0.47909,0.61422,1100,0.18667,0.84727,0.05364,0.03000,0.06909,0.10000,0.83545,0.05091,0.01364,0.36091,0.11000,0.47909,0.05000
bragtag,PS,Qwen-14B,12,3300,0.03909,0.78526,0.74394,0.75402,0.69383,0.82818,0.75508,1100,0.39788,0.83109,0.84091,0.83597,1100,0.33727,0.83087,0.56273,0.67100,1100,0.22576,0.82818,0.06091,0.05091,0.06000,0.08364,0.84091,0.06364,0.01182,0.28182,0.11000,0.56273,0.04545
ragtag,PS,Qwen-14B,15,3300,0.05303,0.78312,0.71879,0.73104,0.64907,0.82727,0.72742,1100,0.42485,0.84404,0.83636,0.84018,1100,0.33030,0.85624,0.49273,0.62550,1100,0.19182,0.82727,0.05545,0.03182,0.08545,0.09636,0.83636,0.05091,0.01636,0.35091,0.09909,0.49273,0.05727
ragtag,PA,Qwen-14B,15,3300,0.05364,0.77929,0.71424,0.72540,0.64548,0.83091,0.72655,1100,0.42909,0.84312,0.83545,0.83927,1100,0.33030,0.84927,0.47636,0.61037,1100,0.18697,0.83091,0.05273,0.03091,0.08545,0.09545,0.83545,0.05364,0.01545,0.36091,0.10273,0.47636,0.06000
bragtag,PS,Qwen-14B,15,3300,0.04697,0.78782,0.74182,0.75601,0.69582,0.80273,0.74546,1100,0.38455,0.83604,0.84364,0.83982,1100,0.33636,0.83159,0.57909,0.68274,1100,0.23212,0.80273,0.06364,0.05727,0.07636,0.08182,0.84364,0.06000,0.01455,0.26909,0.10182,0.57909,0.05000
finetune,PS,Qwen-14B,-,3300,0.00303,0.71242,0.70030,0.70367,0.69991,0.74000,0.71940,1100,0.35242,0.82807,0.69182,0.75384,1100,0.27848,0.60927,0.66909,0.63778,1100,0.36606,0.74000,0.06818,0.18636,0.00545,0.06455,0.69182,0.24273,0.00091,0.25273,0.07545,0.66909,0.00273
finetune,PA,Qwen-14B,-,3300,0.00030,0.79199,0.78515,0.78532,0.72985,0.86455,0.79151,1100,0.39485,0.88193,0.78091,0.82835,1100,0.29515,0.76419,0.71000,0.73610,1100,0.30970,0.86455,0.04909,0.08636,0.00000,0.08636,0.78091,0.13273,0.00000,0.23364,0.05545,0.71000,0.00091
zero_shot,PA,Qwen-32B,0,3300,0.00182,0.74484,0.70576,0.68760,0.61136,0.86091,0.71499,1100,0.46939,0.76603,0.86909,0.81431,1100,0.37818,0.85714,0.38727,0.53350,1100,0.15061,0.86091,0.11636,0.02182,0.00091,0.08727,0.86909,0.04273,0.00091,0.46000,0.14909,0.38727,0.00364
ragtag,PS,Qwen-32B,1,3300,0.00121,0.76721,0.73606,0.72533,0.63666,0.89364,0.74357,1100,0.46788,0.80973,0.84727,0.82808,1100,0.34879,0.85524,0.46727,0.60435,1100,0.18212,0.89364,0.07727,0.02818,0.00091,0.10182,0.84727,0.05091,0.00000,0.40818,0.12182,0.46727,0.00273
ragtag,PA,Qwen-32B,1,3300,0.00121,0.76776,0.73667,0.72570,0.63837,0.89545,0.74537,1100,0.46758,0.80849,0.84818,0.82786,1100,0.34970,0.85643,0.46636,0.60388,1100,0.18152,0.89545,0.07636,0.02727,0.00091,0.10091,0.84818,0.05091,0.00000,0.40636,0.12455,0.46636,0.00273
bragtag,PS,Qwen-32B,1,3300,0.00091,0.75762,0.72697,0.71593,0.63019,0.86909,0.73061,1100,0.45970,0.78939,0.85182,0.81941,1100,0.35970,0.85329,0.46000,0.59776,1100,0.17970,0.86909,0.10364,0.02636,0.00091,0.09545,0.85182,0.05273,0.00000,0.41455,0.12364,0.46000,0.00182
ragtag,PS,Qwen-32B,3,3300,0.00242,0.78506,0.76121,0.75578,0.66644,0.89000,0.76216,1100,0.44515,0.82994,0.85182,0.84074,1100,0.34212,0.85879,0.54182,0.66444,1100,0.21030,0.89000,0.07000,0.03818,0.00182,0.09727,0.85182,0.05091,0.00000,0.34818,0.10455,0.54182,0.00545
ragtag,PA,Qwen-32B,3,3300,0.00273,0.78472,0.76091,0.75534,0.66847,0.89636,0.76583,1100,0.44697,0.82977,0.84636,0.83798,1100,0.34000,0.85591,0.54000,0.66221,1100,0.21030,0.89636,0.06364,0.03727,0.00273,0.10000,0.84636,0.05364,0.00000,0.34455,0.11000,0.54000,0.00545
bragtag,PS,Qwen-32B,3,3300,0.00212,0.77275,0.75152,0.74556,0.66526,0.86182,0.75089,1100,0.43182,0.80204,0.85818,0.82916,1100,0.35667,0.85094,0.53455,0.65662,1100,0.20939,0.86182,0.09545,0.04182,0.00091,0.09000,0.85818,0.05182,0.00000,0.34364,0.11636,0.53455,0.00545
ragtag,PS,Qwen-32B,6,3300,0.03606,0.79071,0.74848,0.75786,0.68574,0.83909,0.75470,1100,0.40788,0.84244,0.84091,0.84167,1100,0.33273,0.84396,0.56545,0.67719,1100,0.22333,0.83909,0.06182,0.04182,0.05727,0.08909,0.84091,0.06273,0.00727,0.29545,0.09545,0.56545,0.04364
ragtag,PA,Qwen-32B,6,3300,0.03636,0.78695,0.74485,0.75403,0.68448,0.83818,0.75358,1100,0.40818,0.83712,0.83636,0.83674,1100,0.33303,0.83924,0.56000,0.67176,1100,0.22242,0.83818,0.06273,0.04091,0.05818,0.09000,0.83636,0.06636,0.00727,0.29636,0.10000,0.56000,0.04364
bragtag,PS,Qwen-32B,6,3300,0.01727,0.79109,0.76667,0.76957,0.70015,0.85545,0.77005,1100,0.40727,0.83767,0.84909,0.84334,1100,0.33788,0.83546,0.59545,0.69533,1100,0.23758,0.85545,0.06455,0.05000,0.03000,0.08182,0.84909,0.06727,0.00182,0.28455,0.10000,0.59545,0.02000
ragtag,PS,Qwen-32B,9,3300,0.04485,0.79541,0.74758,0.76134,0.69225,0.82818,0.75414,1100,0.39879,0.84986,0.83364,0.84167,1100,0.32697,0.84412,0.58091,0.68821,1100,0.22939,0.82818,0.05909,0.04364,0.06909,0.08727,0.83364,0.06364,0.01545,0.28091,0.08818,0.58091,0.05000
ragtag,PA,Qwen-32B,9,3300,0.04424,0.79317,0.74636,0.75936,0.69499,0.83273,0.75765,1100,0.39939,0.84410,0.83182,0.83791,1100,0.32848,0.84043,0.57455,0.68251,1100,0.22788,0.83273,0.05455,0.04545,0.06727,0.08909,0.83182,0.06364,0.01545,0.27636,0.09909,0.57455,0.05000
bragtag,PS,Qwen-32B,9,3300,0.03303,0.79794,0.76636,0.77697,0.72749,0.83000,0.77537,1100,0.38030,0.84559,0.83636,0.84095,1100,0.32970,0.82075,0.63273,0.71458,1100,0.25697,0.83000,0.06091,0.05909,0.05000,0.07545,0.83636,0.07909,0.00909,0.23545,0.09182,0.63273,0.04000
ragtag,PS,Qwen-32B,12,3300,0.04606,0.79884,0.75152,0.76654,0.70077,0.82818,0.75917,1100,0.39394,0.85540,0.82818,0.84157,1100,0.32273,0.84036,0.59818,0.69888,1100,0.23727,0.82818,0.05455,0.04727,0.07000,0.09091,0.82818,0.06636,0.01455,0.26273,0.08545,0.59818,0.05364
ragtag,PA,Qwen-32B,12,3300,0.04515,0.79606,0.75000,0.76442,0.70185,0.82818,0.75980,1100,0.39333,0.84874,0.82636,0.83740,1100,0.32455,0.83760,0.59545,0.69607,1100,0.23697,0.82818,0.05455,0.04818,0.06909,0.09182,0.82636,0.06727,0.01455,0.26000,0.09273,0.59545,0.05182
bragtag,PS,Qwen-32B,12,3300,0.04030,0.80096,0.76667,0.78109,0.74788,0.80364,0.77476,1100,0.35818,0.84658,0.83273,0.83960,1100,0.32788,0.80842,0.66364,0.72891,1100,0.27364,0.80364,0.05909,0.07727,0.06000,0.07455,0.83273,0.08000,0.01273,0.19636,0.09182,0.66364,0.04818
ragtag,PS,Qwen-32B,15,3300,0.05364,0.79707,0.74424,0.76211,0.69822,0.81818,0.75345,1100,0.39061,0.85945,0.82273,0.84069,1100,0.31909,0.83355,0.59182,0.69219,1100,0.23667,0.81818,0.05000,0.04727,0.08455,0.08909,0.82273,0.07091,0.01727,0.26455,0.08455,0.59182,0.05909
ragtag,PA,Qwen-32B,15,3300,0.05364,0.79140,0.74030,0.75800,0.70047,0.81000,0.75126,1100,0.38545,0.84760,0.81909,0.83310,1100,0.32212,0.82614,0.59182,0.68962,1100,0.23879,0.81000,0.05545,0.05000,0.08455,0.09000,0.81909,0.07455,0.01636,0.25636,0.09182,0.59182,0.06000
bragtag,PS,Qwen-32B,15,3300,0.04788,0.79877,0.75909,0.77667,0.74655,0.78727,0.76637,1100,0.35152,0.85258,0.82545,0.83880,1100,0.32273,0.79716,0.66455,0.72484,1100,0.27788,0.78727,0.05818,0.07909,0.07545,0.06909,0.82545,0.09000,0.01545,0.19818,0.08455,0.66455,0.05273
finetune,PS,Qwen-32B,-,3300,0.00061,0.74098,0.73970,0.74000,0.74396,0.70000,0.72131,1100,0.31364,0.81435,0.82545,0.81986,1100,0.33788,0.66463,0.69364,0.67883,1100,0.34788,0.70000,0.08182,0.21636,0.00182,0.04091,0.82545,0.13364,0.00000,0.20000,0.10636,0.69364,0.00000
finetune,PA,Qwen-32B,-,3300,0.00061,0.80524,0.77970,0.77112,0.68914,0.92909,0.79133,1100,0.44939,0.83175,0.87636,0.85347,1100,0.35121,0.89482,0.53364,0.66856,1100,0.19879,0.92909,0.04727,0.02364,0.00000,0.08455,0.87636,0.03909,0.00000,0.33455,0.13000,0.53364,0.00182
encoder,PA,SetFit (mpnet),-,3300,0.00000,0.80044,0.79818,0.79694,0.75525,0.85000,0.79983,1100,0.37515,0.83423,0.84636,0.84025,1100,0.33818,0.81184,0.69818,0.75073,1100,0.28667,0.85000,0.06455,0.08545,0.00000,0.07727,0.84636,0.07636,0.00000,0.19818,0.10364,0.69818,0.00000
encoder,PS,SetFit (mpnet),-,3300,0.00000,0.80633,0.80545,0.80534,0.77307,0.83000,0.80053,1100,0.35788,0.85781,0.83909,0.84835,1100,0.32606,0.78811,0.74727,0.76715,1100,0.31606,0.83000,0.05818,0.11182,0.00000,0.07182,0.83909,0.08909,0.00000,0.17182,0.08091,0.74727,0.00000
encoder,PA,SetFit (issues),-,3300,0.00000,0.79426,0.79424,0.79374,0.76890,0.81364,0.79064,1100,0.35273,0.83589,0.84273,0.83929,1100,0.33606,0.77799,0.72636,0.75129,1100,0.31121,0.81364,0.06909,0.11727,0.00000,0.06727,0.84273,0.09000,0.00000,0.17727,0.09636,0.72636,0.00000
encoder,PS,SetFit (issues),-,3300,0.00000,0.81254,0.81030,0.80999,0.76686,0.85818,0.80995,1100,0.37303,0.86522,0.83455,0.84961,1100,0.32152,0.80556,0.73818,0.77040,1100,0.30545,0.85818,0.05091,0.09091,0.00000,0.07818,0.83455,0.08727,0.00000,0.18273,0.07909,0.73818,0.00000
encoder,PA,RoBERTa-base,-,3300,0.00000,0.77880,0.77455,0.77131,0.72699,0.85455,0.78562,1100,0.39182,0.80803,0.84182,0.82458,1100,0.34727,0.80139,0.62727,0.70372,1100,0.26091,0.85455,0.07182,0.07364,0.00000,0.07636,0.84182,0.08182,0.00000,0.24455,0.12818,0.62727,0.00000
encoder,PS,RoBERTa-base,-,3300,0.00000,0.75897,0.75788,0.75686,0.72240,0.80909,0.76329,1100,0.37333,0.81290,0.80182,0.80732,1100,0.32879,0.74161,0.66273,0.69995,1100,0.29788,0.80909,0.05818,0.13273,0.00000,0.10000,0.80182,0.09818,0.00000,0.21091,0.12636,0.66273,0.00000
