method,macroF1,f1_bug,f1_feat,f1_q,invalid,pred_bug_share,q2bug
ragtag_PA_3B_k0,0.6131547757147855,0.6815718157181572,0.7226709746903608,0.43522153673583847,0.0024242424242424242,0.5612121212121212,0.5881818181818181
ragtag_PS_3B_k1,0.68801451500036,0.7042707493956487,0.7909654561558902,0.5688073394495413,0.0021212121212121214,0.41878787878787876,0.36818181818181817
ragtag_PA_3B_k1,0.6851033062146907,0.7005239822652156,0.7893805309734513,0.5654054054054054,0.0027272727272727275,0.41848484848484846,0.36727272727272725
bragtag_PS_3B_k1,0.6782234492473361,0.7020602218700476,0.7728136882129277,0.5597964376590331,0.0021212121212121214,0.4315151515151515,0.37454545454545457
ragtag_PS_3B_k3,0.6969813937730475,0.7106639839034206,0.8032345013477089,0.5770456960680127,0.0021212121212121214,0.4196969696969697,0.3618181818181818
ragtag_PA_3B_k3,0.6944025720959756,0.7093674939951962,0.8018018018018018,0.5720384204909285,0.0024242424242424242,0.42363636363636364,0.3663636363636364
bragtag_PS_3B_k3,0.69688261871074,0.6861248316120341,0.7928994082840237,0.6116236162361623,0.0024242424242424242,0.3415151515151515,0.25181818181818183
ragtag_PS_3B_k6,0.6811717950179582,0.6913480885311871,0.8072234762979684,0.5449438202247191,0.03636363636363636,0.4196969696969697,0.37636363636363634
ragtag_PA_3B_k6,0.6794261799003557,0.6932367149758454,0.802536231884058,0.5425055928411633,0.03636363636363636,0.4193939393939394,0.37363636363636366
bragtag_PS_3B_k6,0.7136626101408439,0.6925627664613927,0.8032345013477089,0.6451905626134301,0.01787878787878788,0.30636363636363634,0.19363636363636363
ragtag_PS_3B_k9,0.6759658993564549,0.6907174706120794,0.7994604316546763,0.5377197958026092,0.04424242424242424,0.41424242424242425,0.37636363636363634
ragtag_PA_3B_k9,0.6701079583727703,0.6877278250303767,0.793351302785265,0.5292447473026689,0.04363636363636364,0.41484848484848486,0.37727272727272726
bragtag_PS_3B_k9,0.7087691098908403,0.6851940584571155,0.7987505577867023,0.6423627134287033,0.031818181818181815,0.2990909090909091,0.19
ragtag_PS_3B_k12,0.6758795221885641,0.6881547139403706,0.8080717488789237,0.5314121037463977,0.046363636363636364,0.41878787878787876,0.38272727272727275
ragtag_PA_3B_k12,0.6792878412693439,0.6908797417271993,0.8111260655002244,0.5358577165806081,0.045454545454545456,0.4175757575757576,0.38181818181818183
bragtag_PS_3B_k12,0.7064355850292753,0.6808712121212122,0.8053691275167785,0.6330664154498351,0.03939393939393939,0.30666666666666664,0.20272727272727273
ragtag_PS_3B_k15,0.6673041041579838,0.6780626780626781,0.8044742729306488,0.5193753614806247,0.054242424242424245,0.4112121212121212,0.3809090909090909
ragtag_PA_3B_k15,0.6639686427230069,0.6760790641387656,0.8064371926687528,0.5093896713615024,0.05454545454545454,0.4178787878787879,0.3927272727272727
bragtag_PS_3B_k15,0.7016625959021939,0.6701471286188894,0.8042704626334519,0.6305701964542405,0.04787878787878788,0.3051515151515152,0.20727272727272728
ft_PA_3B,0.7084335949654298,0.7364787111622555,0.7896749521988528,0.5991471215351812,0.007575757575757576,0.45666666666666667,0.35545454545454547
ft_PS_3B,0.6757501013509538,0.7147124719940254,0.7808157776781712,0.5317220543806647,0.01090909090909091,0.4781818181818182,0.44636363636363635
ragtag_PA_7B_k0,0.6621329897457866,0.6958707360861759,0.7905282331511839,0.5,0.0009090909090909091,0.5106060606060606,0.5163636363636364
ragtag_PS_7B_k1,0.6810290735192428,0.7131839882482556,0.7939474855362706,0.5359557467732022,0.0009090909090909091,0.4918181818181818,0.4581818181818182
ragtag_PA_7B_k1,0.6810884597938788,0.711340206185567,0.791814946619217,0.5401102265768524,0.0009090909090909091,0.4896969696969697,0.45454545454545453
bragtag_PS_7B_k1,0.672667254182354,0.7055393586005831,0.7827260458839406,0.5297363580625383,0.0006060606060606061,0.49818181818181817,0.4672727272727273
ragtag_PS_7B_k3,0.712775340140201,0.7356495468277946,0.8180610889774237,0.5846153846153846,0.0009090909090909091,0.4690909090909091,0.4127272727272727
ragtag_PA_7B_k3,0.7107719184076359,0.7357277882797731,0.8146837682441398,0.5819041986989947,0.0009090909090909091,0.4681818181818182,0.41
bragtag_PS_7B_k3,0.7115019335023964,0.7307984790874524,0.8092076139884905,0.5944997074312464,0.0006060606060606061,0.4636363636363636,0.4009090909090909
ragtag_PS_7B_k6,0.7175393898416688,0.7312348668280871,0.8162729658792651,0.6051103368176539,0.034545454545454546,0.4175757575757576,0.3372727272727273
ragtag_PA_7B_k6,0.7121846631239702,0.728744939271255,0.8081597222222222,0.5996493278784336,0.03484848484848485,0.41515151515151516,0.33454545454545453
bragtag_PS_7B_k6,0.732672840697027,0.7468712151796528,0.8135146994295743,0.6376326074818537,0.01606060606060606,0.4172727272727273,0.3118181818181818
ragtag_PS_7B_k9,0.7102924064856185,0.7214983713355049,0.8107872988255763,0.5985915492957746,0.042727272727272725,0.4109090909090909,0.33545454545454545
ragtag_PA_7B_k9,0.7041828020022646,0.7170891251022077,0.8060475161987041,0.5894117647058823,0.04212121212121212,0.4078787878787879,0.3336363636363636
bragtag_PS_7B_k9,0.7297589278176799,0.7340696686491079,0.807442665512765,0.6477644492911668,0.030606060606060605,0.38,0.2681818181818182
ragtag_PS_7B_k12,0.7058119968768702,0.720065386187168,0.8042918454935623,0.5930787589498807,0.04454545454545455,0.4081818181818182,0.33090909090909093
ragtag_PA_7B_k12,0.6956600592038281,0.7073270568972575,0.7972684592402902,0.5823846614739365,0.04393939393939394,0.406969696969697,0.3390909090909091
bragtag_PS_7B_k12,0.7375578684288641,0.7419354838709677,0.8047945205479452,0.665943600867679,0.038181818181818185,0.3618181818181818,0.23454545454545456
ragtag_PS_7B_k15,0.6955500897973934,0.7166392092257001,0.802901023890785,0.5671100362756953,0.05272727272727273,0.4024242424242424,0.33545454545454545
ragtag_PA_7B_k15,0.6931906278096732,0.7163934426229508,0.8047842802221273,0.5583941605839416,0.05303030303030303,0.40606060606060607,0.3427272727272727
bragtag_PS_7B_k15,0.7272891881193146,0.7263814616755794,0.8028887000849617,0.6525974025974026,0.04666666666666667,0.3466666666666667,0.2290909090909091
ft_PA_7B,0.7616862710234708,0.7615293653921955,0.8456876456876457,0.677841801990571,0.0027272727272727275,0.4354545454545454,0.33636363636363636
ft_PS_7B,0.6772578355583864,0.6442396313364055,0.7642276422764228,0.6233062330623306,0.0006060606060606061,0.3242424242424242,0.2390909090909091
ragtag_PA_14B_k0,0.6452169599506273,0.6905444126074498,0.8056506849315068,0.43945578231292515,0.0006060606060606061,0.5127272727272727,0.5481818181818182
ragtag_PS_14B_k1,0.6834155595098009,0.7152221412964311,0.8191816981962164,0.5158428390367554,0.0009090909090909091,0.4987878787878788,0.49454545454545457
ragtag_PA_14B_k1,0.6840300582073859,0.7139222101054162,0.8217122683142101,0.5164556962025316,0.0009090909090909091,0.5003030303030302,0.5009090909090909
bragtag_PS_14B_k1,0.6781846088868989,0.7053245805981035,0.815269855199649,0.5139593908629442,0.0009090909090909091,0.49757575757575756,0.5009090909090909
ragtag_PS_14B_k3,0.7125062666761979,0.733754177497215,0.8319928507596068,0.5717717717717717,0.0012121212121212121,0.4827272727272727,0.44727272727272727
ragtag_PA_14B_k3,0.7116924479814362,0.7353595255744997,0.8303571428571429,0.5693606755126659,0.0012121212121212121,0.48424242424242425,0.44636363636363635
bragtag_PS_14B_k3,0.7034389777445332,0.7192192192192193,0.8165784832451499,0.5745192307692307,0.0012121212121212121,0.47393939393939394,0.44272727272727275
ragtag_PS_14B_k6,0.7158416546572406,0.7245927075252133,0.8338586222422333,0.5890736342042755,0.035454545454545454,0.4478787878787879,0.39454545454545453
ragtag_PA_14B_k6,0.7158841469881008,0.7243788819875776,0.8310749774164409,0.5921985815602837,0.03575757575757576,0.44727272727272727,0.39181818181818184
bragtag_PS_14B_k6,0.7338831755718861,0.7431480031323414,0.8293775190326914,0.6291240045506257,0.016666666666666666,0.4406060606060606,0.36363636363636365
ragtag_PS_14B_k9,0.7207984287819574,0.7277013752455795,0.8331814038286235,0.6015125072716696,0.04303030303030303,0.43787878787878787,0.37363636363636366
ragtag_PA_14B_k9,0.7170119149588031,0.7267738141905136,0.8271773825809393,0.5970845481049563,0.042727272727272725,0.4396969696969697,0.37272727272727274
bragtag_PS_14B_k9,0.7452554289861336,0.7479608482871125,0.8335588633288228,0.6542465753424658,0.03212121212121212,0.40969696969696967,0.30818181818181817
ragtag_PS_14B_k12,0.7317538719078113,0.735049504950495,0.8378870673952641,0.6223250433776749,0.045454545454545456,0.4318181818181818,0.3527272727272727
ragtag_PA_14B_k12,0.7280669621734278,0.734147302087436,0.8358344702137335,0.6142191142191142,0.04424242424242424,0.43606060606060604,0.3609090909090909
bragtag_PS_14B_k12,0.7540162168519896,0.7550766680480729,0.8359692724807953,0.6710027100271003,0.03909090909090909,0.3978787878787879,0.2818181818181818
ragtag_PS_14B_k15,0.731035206246257,0.7274180655475619,0.8401826484018264,0.6255049047893826,0.05303030303030303,0.42484848484848486,0.3509090909090909
ragtag_PA_14B_k15,0.7253954683095986,0.7265500794912559,0.8392694063926941,0.6103669190448456,0.053636363636363635,0.4290909090909091,0.3609090909090909
bragtag_PS_14B_k15,0.7560083539852326,0.7454622203461376,0.8398190045248869,0.6827438370846731,0.04696969696969697,0.3845454545454545,0.2690909090909091
ft_PA_14B,0.7853198816688828,0.7915106117353309,0.8283510125361621,0.7360980207351555,0.00030303030303030303,0.39484848484848484,0.23363636363636364
ft_PS_14B,0.7036730636276521,0.7193990278391516,0.753838533927687,0.6377816291161178,0.0030303030303030303,0.3524242424242424,0.25272727272727274
ragtag_PS_32B_k0,0.6873664796968052,0.7144473783477933,0.814151747655584,0.5335003130870382,0.0018181818181818182,0.47,0.46090909090909093
ragtag_PA_32B_k0,0.6875990505537773,0.7149867874669686,0.8143100511073254,0.5335003130870382,0.0018181818181818182,0.4693939393939394,0.46
ragtag_PS_32B_k1,0.7253323801900097,0.74357034795764,0.8280764104842292,0.60435038212816,0.0012121212121212121,0.4678787878787879,0.4081818181818182
ragtag_PA_32B_k1,0.7257037776119694,0.7453651153991676,0.8278615794143744,0.6038846380223661,0.0012121212121212121,0.4675757575757576,0.40636363636363637
bragtag_PS_32B_k1,0.7159257030564525,0.7306075659151701,0.8194140795802362,0.5977554636739516,0.0009090909090909091,0.4596969696969697,0.41454545454545455
ragtag_PS_32B_k3,0.7557790114863095,0.7621642662514597,0.8407357559443697,0.6644370122630993,0.0024242424242424242,0.44515151515151513,0.3481818181818182
ragtag_PA_32B_k3,0.7553387996526055,0.7658252427184467,0.8379837983798379,0.6622073578595318,0.0027272727272727275,0.44696969696969696,0.34454545454545454
bragtag_PS_32B_k3,0.7455562271688535,0.7508910891089109,0.829161176987264,0.6566164154103853,0.0021212121212121214,0.4318181818181818,0.34363636363636363
ragtag_PS_32B_k6,0.7578556250916807,0.7547015535568274,0.8416742493175614,0.6771910724006532,0.036060606060606064,0.4078787878787879,0.29545454545454547
ragtag_PA_32B_k6,0.7540251689451555,0.7535758071107479,0.836743974533879,0.6717557251908397,0.03636363636363636,0.4081818181818182,0.2963636363636364
bragtag_PS_32B_k6,0.7695730148909922,0.7700490998363339,0.8433408577878104,0.6953290870488322,0.017272727272727273,0.4072727272727273,0.28454545454545455
ragtag_PS_32B_k9,0.7613387830119804,0.7541390728476821,0.8416704910509408,0.6882067851373183,0.044848484848484846,0.3987878787878788,0.2809090909090909
ragtag_PA_32B_k9,0.759356146226487,0.7576509511993383,0.8379120879120879,0.6825053995680346,0.04424242424242424,0.3993939393939394,0.27636363636363637
bragtag_PS_32B_k9,0.7769670817296898,0.7753715498938429,0.8409506398537477,0.7145790554414785,0.03303030303030303,0.3803030303030303,0.23545454545454544
ragtag_PS_32B_k12,0.7665406212766851,0.7591666666666667,0.8415704387990762,0.6988847583643123,0.04606060606060606,0.3939393939393939,0.26272727272727275
ragtag_PA_32B_k12,0.7644233215953214,0.7597998331943286,0.8374021188392445,0.696068012752391,0.04515151515151515,0.3933333333333333,0.26
bragtag_PS_32B_k12,0.7810874412209525,0.7747589833479404,0.8395967002749771,0.7289066400399401,0.040303030303030306,0.35818181818181816,0.19636363636363635
ragtag_PS_32B_k15,0.7621085828796316,0.7534533277521975,0.8406874129122155,0.6921850079744817,0.053636363636363635,0.3906060606060606,0.26454545454545453
ragtag_PA_32B_k15,0.7579951908188006,0.7512647554806071,0.8331021729079982,0.6896186440677966,0.053636363636363635,0.38545454545454544,0.25636363636363635
bragtag_PS_32B_k15,0.7766698757455766,0.7663716814159292,0.8387990762124712,0.7248388696083292,0.04787878787878788,0.3515151515151515,0.19818181818181818
ft_PA_32B,0.7711226074952124,0.7913279132791328,0.8534749889331562,0.6685649202733486,0.0006060606060606061,0.4493939393939394,0.33454545454545453
ft_PS_32B,0.74000055266835,0.7213114754098361,0.8198645598194131,0.6788256227758007,0.0006060606060606061,0.31363636363636366,0.2
vtag_PS_k1,0.5638262623603953,0.5914332784184514,0.5645004849660524,0.5355450236966824,0.0,0.4024242424242424,0.3009090909090909
vtag_PS_k2,0.5638262623603953,0.5914332784184514,0.5645004849660524,0.5355450236966824,0.0,0.4024242424242424,0.3009090909090909
vtag_PS_k3,0.5710387619621028,0.6008896077638496,0.580107790298873,0.5321188878235859,0.0,0.4160606060606061,0.31363636363636366
vtag_PS_k4,0.5780878277918605,0.6098047030689517,0.589041095890411,0.5354176844162188,0.0,0.42696969696969694,0.31363636363636366
vtag_PS_k5,0.5840727161077696,0.6137184115523465,0.5995133819951338,0.5389863547758285,0.0,0.4221212121212121,0.3109090909090909
vtag_PS_k6,0.582226971472569,0.618066561014263,0.593320235756385,0.5352941176470588,0.0,0.4315151515151515,0.31363636363636366
vtag_PS_k7,0.5937126133575994,0.6268894192521878,0.6095051445369917,0.5447432762836186,0.0,0.42848484848484847,0.30727272727272725
vtag_PS_k8,0.5898203941124506,0.6251468860164512,0.6003937007874016,0.5439205955334988,0.0,0.4403030303030303,0.31363636363636366
vtag_PS_k9,0.5904422912380473,0.6201183431952663,0.6093366093366094,0.541871921182266,0.0,0.4348484848484849,0.31272727272727274
vtag_PS_k10,0.5901212367955736,0.6243594797004336,0.6088669950738916,0.5371372356123955,0.0,0.4354545454545454,0.3145454545454546
vtag_PS_k11,0.5916167709713535,0.6241190289741582,0.6106719367588933,0.5400593471810089,0.0,0.4406060606060606,0.3181818181818182
vtag_PS_k12,0.5892762977098914,0.6236811254396248,0.607707509881423,0.5364402578086267,0.0,0.44212121212121214,0.32
vtag_PS_k13,0.5920772973297005,0.6320279177975959,0.6104738154613466,0.5337301587301587,0.0,0.4481818181818182,0.32545454545454544
vtag_PS_k14,0.5921313448520622,0.6306027820710973,0.611,0.5347912524850894,0.0,0.4509090909090909,0.32636363636363636
vtag_PS_k15,0.5950733635250939,0.629976580796253,0.6140089418777943,0.5412345679012346,0.0,0.44303030303030305,0.3181818181818182
vtag_PS_k16,0.5936502702094644,0.624420401854714,0.6141575274177468,0.5423728813559322,0.0,0.4509090909090909,0.3281818181818182
vtag_PS_k17,0.5862255586836335,0.6181254841208366,0.6098165592464055,0.5307346326836582,0.0,0.4490909090909091,0.3336363636363636
vtag_PS_k18,0.5864078982568196,0.6165180302442808,0.616757560733763,0.5259481037924152,0.0,0.4481818181818182,0.3381818181818182
vtag_PS_k19,0.5839533876722626,0.6141304347826086,0.6132542037586548,0.5244755244755245,0.0,0.44727272727272727,0.3372727272727273
vtag_PS_k20,0.5897471832604793,0.6205564142194745,0.618072890664004,0.5306122448979592,0.0,0.4509090909090909,0.33636363636363636
vtag_PS_k25,0.5789417581536951,0.6133743274404304,0.6080079090459714,0.5154430379746835,0.0,0.45515151515151514,0.3527272727272727
vtag_PS_k30,0.5798755897910448,0.6104940635771735,0.6132678132678133,0.5158648925281474,0.0,0.4578787878787879,0.35909090909090907
vtag_PA_k1,0.5649093388330172,0.5950617283950618,0.5628042843232717,0.5368620037807184,0.0,0.403030303030303,0.29454545454545455
vtag_PA_k2,0.5649093388330172,0.5950617283950618,0.5628042843232717,0.5368620037807184,0.0,0.403030303030303,0.29454545454545455
vtag_PA_k3,0.5786925578237181,0.6072874493927125,0.5894428152492669,0.5393474088291746,0.0,0.41515151515151516,0.3018181818181818
vtag_PA_k4,0.587090380161801,0.6131095123900879,0.6005888125613347,0.5475728155339806,0.0,0.42484848484848486,0.30818181818181817
vtag_PA_k5,0.5844501997853628,0.609883487344315,0.6022449975597852,0.5412221144519883,0.0,0.4209090909090909,0.3090909090909091
vtag_PA_k6,0.5912025150292571,0.6186305732484076,0.6032528339083292,0.5517241379310345,0.0,0.42787878787878786,0.30363636363636365
vtag_PA_k7,0.5945606155640987,0.6255471547950656,0.6099360550909986,0.5481986368062317,0.0,0.42818181818181816,0.30818181818181817
vtag_PA_k8,0.5948558276128952,0.6254917387883556,0.6089522872602066,0.5501234567901234,0.0,0.43696969696969695,0.31
vtag_PA_k9,0.5984300128389097,0.6316205533596838,0.615535889872173,0.5481335952848723,0.0,0.43333333333333335,0.30727272727272725
vtag_PA_k10,0.5942982217635063,0.625147812376823,0.6161417322834646,0.5416051206302314,0.0,0.4354545454545454,0.31545454545454543
vtag_PA_k11,0.591854333144254,0.6236220472440945,0.6126482213438735,0.5392927308447937,0.0,0.43636363636363634,0.31636363636363635
vtag_PA_k12,0.5970960952887011,0.6317447814100039,0.6146245059288538,0.5449189985272459,0.0,0.43606060606060604,0.3145454545454546
vtag_PA_k13,0.601852717024041,0.6375681995323461,0.6250619118375433,0.5429280397022332,0.0,0.4442424242424242,0.3236363636363636
vtag_PA_k14,0.603485751502582,0.6354044548651817,0.626362735381566,0.5486900642609985,0.0,0.44212121212121214,0.32
vtag_PA_k15,0.6006210214361392,0.631083202511774,0.6258637709772952,0.5449160908193484,0.0,0.4387878787878788,0.32272727272727275
vtag_PA_k16,0.6039138340591321,0.6318271119842829,0.6294466403162056,0.5504677498769079,0.0,0.43787878787878787,0.3190909090909091
vtag_PA_k17,0.5943478565329793,0.6254886630179828,0.6203155818540433,0.5372393247269116,0.0,0.44181818181818183,0.32727272727272727
vtag_PA_k18,0.601144329351074,0.6300510003923107,0.6291033806957373,0.5442786069651742,0.0,0.4390909090909091,0.3209090909090909
vtag_PA_k19,0.5959087787480065,0.62402496099844,0.6277013752455796,0.536,0.0,0.44363636363636366,0.33545454545454545
vtag_PA_k20,0.599689548025446,0.6300623052959502,0.6272772033481043,0.5417291354322838,0.0,0.4448484848484848,0.3245454545454545
vtag_PA_k25,0.5924106868433766,0.6232665639445301,0.6264705882352941,0.5274949083503055,0.0,0.4533333333333333,0.3472727272727273
vtag_PA_k30,0.59328319597351,0.6201848998459168,0.6365403304178814,0.5231243576567317,0.0,0.4533333333333333,0.3563636363636364
setfit_mpnet_PS,0.8053401766761982,0.8005260850504164,0.8483455882352942,0.7671488567428838,0.0,0.35787878787878785,0.17181818181818181
setfit_mpnet_PA,0.7969382530041692,0.7998289136013687,0.8402527075812274,0.750733137829912,0.0,0.3751515151515151,0.19818181818181818
setfit_issues_PS,0.8099859851693066,0.8099528099528099,0.8496066635816751,0.7703984819734345,0.0,0.37303030303030305,0.18272727272727274
setfit_issues_PA,0.7937409137669206,0.7906360424028268,0.8392937980986872,0.7512929007992478,0.0,0.3527272727272727,0.17727272727272728
roberta_PS,0.7568559857480451,0.7632933104631218,0.8073226544622426,0.699951992318771,0.0,0.37333333333333335,0.2109090909090909
roberta_PA,0.7713081183867643,0.7856247388215629,0.8245770258236865,0.7037225905150434,0.0,0.39181818181818184,0.24454545454545454
ragtag_PS_llama8B_k1,0.6529826584959955,0.6938493434692468,0.8016682113067656,0.4634304207119741,0.0009090909090909091,0.5436363636363636,0.55
ragtag_PS_llama8B_k3,0.6862718580457394,0.7188740526885601,0.8073394495412844,0.5326020719073735,0.0024242424242424242,0.5063636363636363,0.47
ragtag_PS_llama8B_k6,0.7001126089643569,0.7232444611340594,0.8163457022076092,0.5607476635514018,0.02909090909090909,0.47363636363636363,0.41818181818181815
ragtag_PS_llama8B_k9,0.6842567966719302,0.7102380052890064,0.8058025269068788,0.5367298578199052,0.03878787878787879,0.4687878787878788,0.4254545454545455
ragtag_PS_llama3B_k1,0.6499665135514205,0.690020366598778,0.7595876288659794,0.5002915451895044,0.0015151515151515152,0.4106060606060606,0.37727272727272726
ragtag_PS_llama3B_k3,0.6603688321937885,0.6759026028547439,0.7598475222363406,0.5453563714902808,0.0015151515151515152,0.3884848484848485,0.3381818181818182
ragtag_PS_llama3B_k6,0.6619859835822504,0.6838445807770961,0.7684117125110914,0.5337016574585636,0.027575757575757576,0.4075757575757576,0.3527272727272727
ragtag_PS_llama3B_k9,0.6425710698894593,0.6628940986257074,0.7564392227745143,0.5083798882681564,0.03727272727272727,0.4163636363636364,0.38545454545454544
